Study Hours,Scores
8.99,81.23
22.82,100.0
17.57,100.0
14.37,100.0
3.74,39.29
3.74,38.53
1.39,11.25
20.79,100.0
14.43,100.0
16.99,100.0
0.49,19.94
23.28,100.0
19.98,100.0
5.1,44.17
4.36,40.77
4.4,40.12
7.3,77.17
12.59,100.0
10.37,93.39
6.99,79.64
14.68,100.0
3.35,37.21
7.01,62.34
8.79,86.05
10.95,100.0
18.84,100.0
4.79,59.61
12.34,100.0
14.22,100.0
1.11,2.83
14.58,100.0
4.09,39.46
1.56,17.31
22.77,100.0
23.18,100.0
19.4,100.0
7.31,73.42
2.34,14.88
16.42,100.0
10.56,100.0
2.93,49.9
11.88,100.0
0.83,9.59
21.82,100.0
6.21,62.87
15.9,100.0
7.48,84.52
12.48,100.0
13.12,100.0
4.44,38.88
23.27,100.0
18.6,100.0
22.55,100.0
21.48,100.0
14.35,100.0
22.12,100.0
2.12,31.64
4.7,47.17
1.09,4.31
7.81,73.98
9.33,88.76
6.51,65.15
19.89,100.0
8.56,85.47
6.74,45.1
13.02,100.0
3.38,28.69
19.25,100.0
1.79,17.16
23.69,100.0
18.53,100.0
4.77,46.71
0.13,0.68
19.57,100.0
16.96,100.0
17.5,100.0
18.51,100.0
1.78,16.29
8.6,96.89
2.78,16.44
20.71,100.0
14.96,100.0
7.94,70.68
1.53,12.31
7.46,65.4
7.8,72.28
17.51,100.0
15.3,100.0
21.29,100.0
11.33,97.72
2.87,19.21
17.12,100.0
18.26,100.0
13.47,100.0
18.5,100.0
11.85,100.0
12.55,100.0
10.26,92.65
0.61,7.23
2.59,29.97
0.75,0.0
15.27,100.0
7.54,78.16
12.21,100.0
21.78,100.0
5.98,76.51
9.85,92.84
18.13,100.0
5.49,46.99
1.85,18.84
6.95,69.25
3.87,38.13
22.31,100.0
19.39,100.0
15.2,100.0
20.92,100.0
19.29,100.0
4.48,40.9
21.42,100.0
12.94,100.0
19.38,100.0
21.51,100.0
7.63,65.54
2.64,20.65
5.47,53.29
10.25,99.46
19.63,100.0
20.66,100.0
0.17,5.62
12.26,100.0
10.02,84.43
5.33,49.62
2.88,24.24
8.1,77.74
22.63,100.0
7.76,59.67
12.45,100.0
16.87,100.0
8.73,87.37
23.32,100.0
23.1,100.0
6.04,44.0
11.93,100.0
7.22,67.02
6.84,71.0
0.89,9.01
14.63,100.0
12.06,100.0
1.24,4.09
6.69,73.5
21.8,100.0
5.75,56.18
3.48,41.7
11.75,100.0
23.66,100.0
5.81,51.07
16.13,100.0
18.28,100.0
5.7,43.65
17.48,100.0
8.83,93.34
15.18,100.0
15.2,100.0
12.86,100.0
2.17,18.56
20.05,100.0
7.7,71.75
4.48,44.18
0.98,17.33
14.18,100.0
16.26,100.0
0.4,0.0
12.29,100.0
5.44,49.07
15.48,100.0
4.18,26.48
16.58,100.0
9.28,80.88
22.48,100.0
3.3,30.39
8.19,84.51
2.72,27.29
22.19,100.0
21.06,100.0
6.19,52.64
15.84,100.0
19.61,100.0
13.32,100.0
12.71,100.0
5.8,55.12
2.23,28.68
21.53,100.0
21.61,100.0
15.19,100.0
8.14,76.94
8.38,81.98
17.42,100.0
21.53,100.0
21.29,100.0
18.72,100.0
15.41,100.0
2.02,21.37
3.88,26.23
21.57,100.0
14.55,100.0
0.22,1.43
2.44,19.58
15.92,100.0
0.12,0.72
3.86,44.56
13.17,100.0
16.61,100.0
15.65,100.0
5.38,49.59
17.09,100.0
5.69,50.71
7.81,69.65
17.92,100.0
15.59,100.0
20.38,100.0
15.78,100.0
13.64,100.0
2.25,18.35
8.83,89.44
6.36,58.34
5.86,53.95
23.35,100.0
9.43,84.6
21.41,100.0
15.15,100.0
19.08,100.0
12.06,100.0
13.85,100.0
11.82,100.0
4.69,44.49
17.34,100.0
6.74,76.72
0.58,3.11
15.49,100.0
4.25,36.81
22.57,100.0
22.89,100.0
21.96,100.0
8.88,86.88
0.37,19.96
22.28,100.0
10.28,94.74
23.2,100.0
23.13,100.0
20.47,100.0
7.07,76.15
9.24,70.8
20.43,100.0
7.61,68.82
4.07,46.35
13.36,100.0
22.47,100.0
16.7,100.0
13.68,100.0
2.33,14.5
14.76,100.0
23.76,100.0
3.36,32.69
12.44,100.0
21.06,100.0
17.78,100.0
16.73,100.0
16.86,100.0
8.63,80.19
7.05,63.21
19.42,100.0
19.44,100.0
20.81,100.0
21.92,100.0
12.27,100.0
12.04,100.0
19.16,100.0
15.6,100.0
16.85,100.0
19.1,100.0
21.36,100.0
8.11,85.29
9.01,75.98
2.26,25.11
13.88,100.0
0.86,11.11
11.17,100.0
13.02,100.0
6.88,54.36
14.18,100.0
0.73,2.66
0.9,12.08
19.74,100.0
8.64,73.82
3.05,39.02
12.53,100.0
18.48,100.0
5.18,48.66
14.95,100.0
2.05,25.72
1.24,7.65
12.75,100.0
12.98,100.0
15.3,100.0
17.43,100.0
23.42,100.0
12.39,100.0
7.75,73.22
19.08,100.0
6.5,63.22
10.54,100.0
1.88,10.22
0.61,7.43
23.1,100.0
20.06,100.0
16.7,100.0
9.81,92.55
4.16,33.31
3.75,42.61
6.01,55.09
13.18,100.0
17.15,100.0
15.84,100.0
6.72,67.29
22.92,100.0
17.71,100.0
13.3,100.0
14.68,100.0
10.07,94.74
5.95,52.86
8.54,71.62
18.19,100.0
0.35,0.0
2.79,25.8
1.1,6.26
0.98,2.54
20.53,100.0
16.89,100.0
11.38,100.0
2.35,11.74
11.8,100.0
11.36,100.0
4.16,34.07
10.41,100.0
9.56,87.62
14.78,100.0
15.24,100.0
1.09,14.59
8.99,88.97
15.02,100.0
12.08,100.0
20.56,100.0
15.81,100.0
3.91,26.45
1.69,8.67
15.42,100.0
0.64,0.0
14.06,100.0
22.57,100.0
13.81,100.0
9.32,81.72
15.44,100.0
11.0,95.35
13.09,100.0
22.6,100.0
9.27,93.19
23.07,100.0
21.73,100.0
4.7,44.96
1.66,3.55
2.42,26.45
0.44,6.86
2.27,18.7
16.39,100.0
1.71,8.35
7.66,80.67
20.28,100.0
0.56,2.96
19.55,100.0
6.76,63.47
2.84,35.52
16.72,100.0
15.09,100.0
21.06,100.0
17.64,100.0
19.28,100.0
6.77,76.21
4.26,37.66
18.01,100.0
19.36,100.0
23.77,100.0
9.9,95.45
8.93,88.15
18.63,100.0
8.18,66.08
22.34,100.0
20.6,100.0
10.3,95.63
18.02,100.0
18.11,100.0
2.47,37.1
21.66,100.0
12.13,100.0
19.83,100.0
7.68,72.63
21.49,100.0
9.34,82.15
0.26,0.0
21.73,100.0
2.19,21.14
7.66,71.03
22.8,100.0
22.81,100.0
13.76,100.0
15.16,100.0
10.76,99.95
7.04,71.02
7.89,79.72
16.14,100.0
18.06,100.0
19.0,100.0
18.95,100.0
2.19,16.63
11.87,100.0
1.38,9.43
13.19,100.0
10.6,95.99
21.3,100.0
8.42,67.79
2.81,22.87
3.43,24.94
18.28,100.0
14.84,100.0
2.43,27.61
2.02,2.59
16.82,100.0
1.75,18.69
19.72,100.0
16.95,100.0
1.95,19.76
2.04,14.71
23.68,100.0
8.98,81.06
8.9,81.72
19.51,100.0
22.73,100.0
23.66,100.0
18.08,100.0
9.03,89.39
2.0,24.74
18.65,100.0
13.4,100.0
10.18,100.0
21.75,100.0
2.67,19.06
11.82,100.0
0.27,10.13
11.25,100.0
1.35,16.24
2.85,34.58
2.82,20.64
15.58,100.0
17.91,100.0
14.0,100.0
23.09,100.0
9.0,82.81
6.86,68.96
20.85,100.0
5.37,46.34
23.12,100.0
0.29,0.0
23.28,100.0
1.04,11.28
21.39,100.0
12.66,100.0
23.83,100.0
1.77,14.36
13.29,100.0
23.26,100.0
12.55,100.0
15.11,100.0
16.7,100.0
10.91,97.34
15.06,100.0
14.02,100.0
21.63,100.0
1.09,11.07
6.74,60.65
22.81,100.0
21.37,100.0
10.94,100.0
14.88,100.0
6.66,59.4
4.51,47.72
11.13,100.0
8.48,78.65
14.01,100.0
1.87,21.27
23.39,100.0
23.67,100.0
16.76,100.0
12.87,100.0
7.43,57.03
19.53,100.0
16.43,100.0
3.9,37.75
21.86,100.0
19.74,100.0
22.8,100.0
17.42,100.0
14.72,100.0
10.04,97.46
22.39,100.0
20.79,100.0
1.09,2.26
0.63,0.0
9.04,75.02
19.45,100.0
23.69,100.0
3.61,47.24
14.26,100.0
9.14,94.97
23.28,100.0
20.21,100.0
20.12,100.0
11.25,100.0
9.96,95.37
6.56,65.03
1.35,15.09
20.75,100.0
19.51,100.0
23.99,100.0
23.92,100.0
13.33,100.0
18.46,100.0
22.67,100.0
20.39,100.0
5.94,63.81
10.81,94.33
3.1,31.45
22.9,100.0
14.55,100.0
5.49,51.92
16.12,100.0
14.84,100.0
8.6,77.65
2.73,32.1
16.12,100.0
12.49,100.0
18.54,100.0
12.48,100.0
20.45,100.0
13.25,100.0
13.46,100.0
21.04,100.0
9.68,99.5
3.22,15.4
0.69,0.0
18.12,100.0
14.89,100.0
16.9,100.0
5.11,51.44
3.27,29.57
0.35,5.98
8.41,84.73
14.16,100.0
9.41,94.0
10.5,99.26
21.7,100.0
8.36,86.82
12.34,100.0
18.81,100.0
9.52,89.19
14.93,100.0
20.7,100.0
22.79,100.0
3.53,35.97
22.24,100.0
11.81,100.0
6.2,66.42
11.02,100.0
23.52,100.0
11.82,100.0
7.89,82.97
15.2,100.0
5.76,60.07
1.82,16.92
3.09,25.5
3.07,30.34
3.65,41.29
3.33,35.14
15.38,100.0
4.37,46.71
8.3,74.39
21.52,100.0
11.38,100.0
16.02,100.0
4.14,44.69
4.61,36.51
0.98,22.93
4.05,25.73
6.69,59.37
4.25,42.97
2.13,24.33
2.9,26.85
11.06,100.0
4.95,49.9
8.74,81.41
12.08,100.0
16.57,100.0
0.94,15.04
19.19,100.0
15.07,100.0
1.96,16.52
20.97,100.0
22.1,100.0
1.47,10.2
6.65,67.76
19.35,100.0
17.96,100.0
4.43,35.81
5.02,49.23
8.89,90.0
11.63,100.0
14.84,100.0
8.85,75.47
11.1,100.0
17.94,100.0
0.88,4.19
6.06,55.48
17.12,100.0
21.48,100.0
12.28,100.0
12.77,100.0
2.57,16.18
10.74,100.0
12.78,100.0
5.82,61.11
6.46,62.84
9.05,79.08
0.48,4.52
7.73,78.92
5.07,46.85
7.86,83.02
2.87,34.42
21.37,100.0
14.25,100.0
16.3,100.0
18.94,100.0
11.96,100.0
2.09,23.68
12.89,100.0
14.08,100.0
17.89,100.0
10.36,96.48
3.06,38.11
6.81,67.65
8.71,91.92
15.5,100.0
13.7,100.0
8.55,92.67
23.68,100.0
14.54,100.0
5.69,52.28
2.44,20.76
3.67,38.29
5.9,60.85
3.86,30.8
4.48,43.03
6.84,50.84
4.16,49.61
21.52,100.0
1.93,18.73
12.59,100.0
9.85,100.0
23.58,100.0
2.69,25.44
9.55,89.98
23.27,100.0
20.77,100.0
19.61,100.0
6.19,64.21
4.1,41.44
16.05,100.0
22.31,100.0
13.36,100.0
13.72,100.0
6.72,66.82
18.47,100.0
4.49,38.88
7.77,76.52
10.21,100.0
12.18,100.0
5.82,34.89
2.76,29.88
14.65,100.0
6.93,51.71
13.95,100.0
3.7,40.85
11.55,100.0
12.78,100.0
1.24,21.5
8.08,81.22
3.23,42.0
1.52,4.69
23.76,100.0
7.74,62.21
19.44,100.0
6.11,56.3
16.36,100.0
18.25,100.0
14.3,100.0
11.32,100.0
9.88,100.0
8.37,77.31
22.31,100.0
19.93,100.0
23.16,100.0
2.98,38.68
17.54,100.0
22.52,100.0
4.35,38.03
1.6,20.23
17.79,100.0
13.79,100.0
20.2,100.0
3.35,25.83
19.09,100.0
4.84,50.55
3.93,25.92
3.94,40.79
19.55,100.0
15.96,100.0
12.55,100.0
8.61,86.64
21.05,100.0
9.42,95.52
19.6,100.0
10.54,98.51
9.05,81.94
11.1,100.0
7.23,63.79
17.94,100.0
12.07,100.0
5.57,47.34
21.59,100.0
9.21,77.39
13.05,100.0
21.76,100.0
14.98,100.0
2.81,33.35
22.56,100.0
15.06,100.0
8.04,74.99
3.34,35.3
19.06,100.0
14.88,100.0
12.8,100.0
21.45,100.0
18.93,100.0
3.64,39.24
7.48,75.11
5.96,60.66
17.85,100.0
0.8,17.45
13.68,100.0
18.3,100.0
21.04,100.0
8.21,73.74
19.71,100.0
2.66,28.14
20.31,100.0
3.06,29.64
9.53,90.27
19.14,100.0
3.6,42.49
5.5,57.31
17.33,100.0
17.28,100.0
15.39,100.0
16.65,100.0
13.03,100.0
6.04,56.81
8.3,56.66
4.36,42.89
21.8,100.0
14.0,100.0
9.62,91.53
11.09,97.03
22.73,100.0
3.68,27.64
14.07,100.0
12.14,100.0
14.67,100.0
0.43,0.0
20.93,100.0
22.37,100.0
13.56,100.0
16.72,100.0
22.14,100.0
16.97,100.0
3.66,37.67
13.83,100.0
14.56,100.0
10.18,97.68
17.67,100.0
22.42,100.0
22.21,100.0
10.82,100.0
2.72,24.05
23.64,100.0
20.13,100.0
2.99,24.66
22.1,100.0
20.88,100.0
12.45,100.0
14.19,100.0
9.58,96.06
1.31,3.56
8.04,81.06
19.27,100.0
0.11,3.73
8.0,69.04
9.56,92.57
12.9,100.0
22.08,100.0
8.31,86.15
8.33,84.71
17.7,100.0
10.85,96.25
5.39,55.72
10.86,100.0
3.38,15.87
4.23,45.66
11.96,100.0
10.05,100.0
21.96,100.0
8.7,60.41
13.93,100.0
15.17,100.0
0.31,0.0
15.92,100.0
4.27,59.85
23.07,100.0
3.57,39.03
9.95,89.97
2.05,4.84
23.92,100.0
12.05,100.0
14.29,100.0
1.61,14.49
18.0,100.0
5.04,46.83
21.55,100.0
4.92,50.14
4.58,29.86
0.88,0.0
11.33,100.0
13.56,100.0
1.58,14.61
18.61,100.0
10.88,98.4
12.59,100.0
10.58,89.34
9.62,86.22
13.43,100.0
3.73,45.43
4.37,38.58
20.68,100.0
22.71,100.0
8.96,89.74
6.5,56.12
15.46,100.0
9.81,91.46
0.61,15.04
3.75,29.5
17.18,100.0
15.81,100.0
0.65,5.07
5.33,49.35
5.55,46.81
16.13,100.0
0.47,4.03
2.5,25.44
19.2,100.0
4.29,46.34
15.67,100.0
5.72,46.99
2.39,28.79
5.84,47.18
17.33,100.0
20.54,100.0
19.93,100.0
9.53,91.19
16.03,100.0
4.92,41.43
7.04,76.34
21.51,100.0
0.31,0.0
2.05,20.0
4.99,52.2
0.64,5.09
4.35,49.49
13.99,100.0
10.11,80.8
21.42,100.0
19.62,100.0
8.2,81.26
6.23,40.81
9.11,100.0
14.17,100.0
6.43,62.13
14.98,100.0
9.83,100.0
13.25,100.0
10.47,100.0
7.07,68.08
22.76,100.0
18.33,100.0
3.36,26.14
20.84,100.0
11.7,100.0
21.47,100.0
19.2,100.0
10.21,98.33
0.54,4.88
6.45,62.3
13.0,100.0
15.2,100.0
6.19,68.33
3.34,23.02
20.04,100.0
23.63,100.0
12.62,100.0
4.12,29.76
6.54,65.16
0.44,0.0
21.94,100.0
2.83,33.84
13.84,100.0
6.58,56.54
13.3,100.0
15.63,100.0
19.91,100.0
4.95,41.62
0.26,13.74
3.29,32.85
21.6,100.0
20.97,100.0
14.34,100.0
14.41,100.0
15.96,100.0
4.21,32.55
21.95,100.0
10.05,83.66
9.2,79.56
12.45,100.0
1.13,14.96
3.99,35.16
17.71,100.0
1.99,11.71
14.48,100.0
5.89,60.47
9.34,95.23
6.93,62.36
8.54,73.06
17.26,100.0
7.13,61.97
13.59,100.0
11.43,100.0
15.93,100.0
22.48,100.0
17.58,100.0
5.16,50.5
0.75,14.56
6.29,57.13
14.28,100.0
1.23,20.73
11.91,100.0
14.32,100.0
8.02,80.3
18.5,100.0
2.56,27.45
1.8,13.59
17.48,100.0
11.89,100.0
16.52,100.0
10.44,98.18
5.91,63.82
19.66,100.0
19.19,100.0
16.67,100.0
6.53,58.82
14.17,100.0
8.66,82.29
2.2,29.51
22.02,100.0
3.28,21.36
22.81,100.0
10.7,100.0
4.44,42.76
13.01,100.0
20.95,100.0
17.57,100.0
19.36,100.0
15.81,100.0
16.61,100.0
20.38,100.0
5.99,58.59
11.75,100.0
5.31,55.97
23.7,100.0
22.66,100.0
0.95,0.0
16.93,100.0
22.21,100.0
4.33,40.77
13.63,100.0
21.97,100.0
0.81,0.49
16.74,100.0
7.14,69.99
22.19,100.0
23.31,100.0
22.66,100.0
11.38,100.0
20.69,100.0
20.27,100.0
7.66,83.47
19.89,100.0
0.89,1.4
14.31,100.0
5.52,42.14
2.89,17.84
1.85,27.22
16.71,100.0
8.16,80.25
17.39,100.0
1.57,6.53
7.57,78.12
12.95,100.0
18.98,100.0
7.65,76.63
15.02,100.0
21.26,100.0
14.78,100.0
5.59,54.45
0.59,22.35
20.88,100.0
0.51,9.63
20.99,100.0
12.69,100.0
22.54,100.0
19.17,100.0
23.95,100.0
8.42,100.0
18.41,100.0
9.65,85.74
11.52,100.0
15.06,100.0
20.97,100.0
23.62,100.0
18.44,100.0
10.03,86.37
10.11,100.0
17.7,100.0
5.73,49.3
2.65,24.18
8.51,92.03
6.89,70.59
7.11,67.61
5.61,51.63
1.01,10.13
0.43,0.5
23.71,100.0
10.27,100.0
9.22,88.68
16.31,100.0
5.24,49.37
22.8,100.0
18.87,100.0
2.15,9.23
10.02,100.0
21.1,100.0
22.67,100.0
11.22,100.0
14.72,100.0
4.01,38.2
23.79,100.0
5.56,61.6
22.63,100.0
15.59,100.0
14.59,100.0
12.3,100.0
5.54,67.93
4.24,35.47
5.29,61.62
4.47,45.15
18.71,100.0
8.4,67.95
1.39,12.01
23.26,100.0
21.21,100.0
22.27,100.0
23.88,100.0
4.17,39.46
9.51,98.2
18.2,100.0
16.7,100.0
3.69,37.51
19.58,100.0
5.39,49.31
5.37,42.5
12.89,100.0
14.23,100.0
13.92,100.0
2.2,19.93
21.06,100.0
6.37,58.38
3.11,36.87
21.33,100.0
22.94,100.0
20.69,100.0
19.43,100.0
15.73,100.0
13.22,100.0
2.09,19.71
9.8,95.12
8.94,76.68
6.23,57.65
17.36,100.0
11.9,100.0
1.95,19.93
5.28,50.87
16.4,100.0
1.83,24.65
20.43,100.0
11.88,100.0
11.53,100.0
14.22,100.0
19.79,100.0
8.35,71.84
16.27,100.0
13.58,100.0
6.41,60.78
21.09,100.0
19.14,100.0
15.8,100.0
20.41,100.0
20.82,100.0
17.0,100.0
20.09,100.0
16.74,100.0
16.32,100.0
14.85,100.0
18.07,100.0
3.81,30.83
21.14,100.0
20.92,100.0
0.7,10.16
19.82,100.0
3.09,29.9
8.04,79.18
17.84,100.0
3.86,29.46
19.63,100.0
19.97,100.0
12.18,100.0
0.15,0.0
6.89,83.23
14.81,100.0
23.55,100.0
15.16,100.0
6.24,62.92
15.22,100.0
12.96,100.0
18.72,100.0
2.57,30.13
18.26,100.0
12.99,100.0
23.11,100.0
8.2,77.41
15.18,100.0
22.37,100.0
2.46,21.45
22.49,100.0
16.51,100.0
1.63,16.17
7.22,71.64
17.0,100.0
1.62,18.14
13.97,100.0
8.3,67.77
14.9,100.0
1.1,13.81
20.92,100.0
23.36,100.0
23.25,100.0
17.99,100.0
3.12,33.39
18.2,100.0
0.59,2.75
0.53,11.39
7.77,74.68
11.73,100.0
18.49,100.0
16.4,100.0
10.7,100.0
6.57,78.35
23.93,100.0
10.23,100.0
10.83,99.18
3.93,31.25
19.08,100.0
16.65,100.0
5.3,70.78
1.98,17.52
16.33,100.0
15.71,100.0
6.56,47.8
22.82,100.0
3.63,34.6
10.38,100.0
22.65,100.0
10.07,92.14
15.32,100.0
9.54,85.27
6.58,54.61
23.62,100.0
9.82,84.37
21.46,100.0
5.52,45.47
5.11,52.39
0.75,19.74
15.64,100.0
8.84,71.01
20.74,100.0
11.36,100.0
23.24,100.0
4.45,39.15
20.85,100.0
18.64,100.0
18.5,100.0
20.27,100.0
18.26,100.0
15.03,100.0
3.15,23.5
0.78,19.53
22.1,100.0
14.8,100.0
19.12,100.0
11.56,100.0
2.82,13.86
3.0,25.5
16.45,100.0
10.33,95.78
4.81,39.77
11.8,100.0
1.54,12.31
13.97,100.0
6.46,62.42
19.14,100.0
7.45,87.45
10.93,100.0
0.28,10.78
1.74,12.99
9.42,82.31
11.52,100.0
14.4,100.0
7.0,58.95
16.68,100.0
20.64,100.0
18.72,100.0
0.95,12.56
11.53,100.0
2.52,20.39
5.81,51.6
23.68,100.0
3.42,44.98
11.97,100.0
14.84,100.0
16.86,100.0
13.43,100.0
0.23,0.0
7.84,71.48
12.43,100.0
2.11,24.25
8.42,86.7
0.8,20.25
1.89,21.5
9.53,83.14
3.19,28.51
13.62,100.0
16.55,100.0
19.21,100.0
4.8,54.02
4.02,39.45
2.51,29.71
15.27,100.0
16.96,100.0
0.76,12.48
22.47,100.0
1.25,18.68
12.99,100.0
17.02,100.0
20.9,100.0
17.14,100.0
19.24,100.0
8.15,70.66
19.56,100.0
1.92,14.97
21.48,100.0
13.14,100.0
19.62,100.0
10.86,100.0
15.45,100.0
12.63,100.0
17.56,100.0
1.96,27.39
1.45,8.32
5.93,58.24
3.83,39.31
20.92,100.0
5.26,44.24
23.42,100.0
8.09,73.02
4.37,32.16
18.95,100.0
15.81,100.0
11.96,100.0
13.33,100.0
17.26,100.0
5.48,49.19
23.91,100.0
23.4,100.0
15.61,100.0
4.79,40.07
16.33,100.0
1.73,11.95
0.74,11.64
6.18,65.9
11.1,100.0
20.84,100.0
17.45,100.0
17.82,100.0
10.21,100.0
8.3,74.61
8.9,90.92
23.7,100.0
0.96,12.32
20.81,100.0
13.89,100.0
10.53,100.0
17.41,100.0
11.68,100.0
20.96,100.0
21.62,100.0
10.12,98.09
6.64,61.62
14.22,100.0
21.9,100.0
5.06,51.94
14.95,100.0
15.16,100.0
17.59,100.0
3.16,24.06
17.18,100.0
21.82,100.0
4.31,39.04
5.7,62.79
23.31,100.0
4.34,42.55
20.51,100.0
11.81,100.0
5.93,45.76
20.9,100.0
10.69,100.0
12.36,100.0
8.62,83.45
14.23,100.0
3.92,44.83
9.39,90.68
23.27,100.0
6.2,58.84
15.76,100.0
7.8,75.62
18.56,100.0
3.14,17.6
23.28,100.0
10.89,100.0
5.67,55.66
1.76,25.07
4.07,33.26
12.47,100.0
8.09,73.27
19.89,100.0
10.34,95.8
5.97,62.11
14.81,100.0
16.96,100.0
4.01,26.18
4.02,34.26
0.88,6.05
17.67,100.0
15.93,100.0
11.39,92.8
20.26,100.0
19.34,100.0
14.05,100.0
20.84,100.0
4.94,48.1
2.69,33.69
6.47,57.69
1.37,19.28
12.75,100.0
22.48,100.0
0.94,0.0
2.93,25.91
10.85,100.0
22.41,100.0
7.59,72.54
12.17,100.0
1.0,8.17
3.56,23.34
23.68,100.0
23.16,100.0
0.12,0.0
22.84,100.0
15.34,100.0
20.83,100.0
10.91,95.97
12.37,100.0
11.73,100.0
16.0,100.0
3.35,49.83
0.72,0.0
7.39,74.47
16.91,100.0
4.84,41.88
16.16,100.0
23.28,100.0
2.25,33.17
16.14,100.0
10.65,100.0
20.84,100.0
4.25,29.79
16.62,100.0
20.11,100.0
22.67,100.0
16.4,100.0
11.93,100.0
14.83,100.0
20.85,100.0
13.69,100.0
0.73,8.61
22.34,100.0
16.55,100.0
16.24,100.0
5.18,40.9
15.81,100.0
9.45,93.52
15.63,100.0
2.56,18.36
15.79,100.0
23.99,100.0
1.16,19.07
23.45,100.0
9.77,100.0
20.9,100.0
18.78,100.0
13.61,100.0
17.72,100.0
21.08,100.0
9.7,96.66
7.85,71.9
16.02,100.0
19.39,100.0
18.29,100.0
19.15,100.0
10.45,90.94
19.63,100.0
2.89,26.82
13.07,100.0
0.14,5.92
7.79,80.75
8.8,83.46
9.51,84.95
16.69,100.0
9.33,83.83
10.77,97.99
5.7,54.9
8.96,82.7
5.45,56.59
1.76,12.43
14.48,100.0
16.04,100.0
14.87,100.0
11.12,100.0
9.11,82.33
20.72,100.0
12.46,100.0
11.5,100.0
0.62,11.18
8.19,76.25
9.12,77.19
9.57,100.0
13.92,100.0
12.81,100.0
14.59,100.0
18.36,100.0
19.51,100.0
17.23,100.0
22.93,100.0
0.44,13.98
4.7,40.25
0.18,0.0
15.54,100.0
21.55,100.0
5.84,55.22
22.25,100.0
1.45,21.41
22.43,100.0
8.44,66.41
2.43,22.94
11.66,100.0
6.16,60.27
6.84,62.69
7.37,70.89
19.27,100.0
12.94,100.0
7.47,68.35
14.65,100.0
17.19,100.0
6.54,73.59
9.93,93.05
2.93,27.7
4.35,37.95
16.35,100.0
4.35,55.04
12.6,100.0
17.02,100.0
2.57,24.67
13.62,100.0
6.16,63.74
23.11,100.0
11.61,100.0
19.34,100.0
13.21,100.0
1.04,7.0
15.2,100.0
22.83,100.0
14.44,100.0
19.66,100.0
21.22,100.0
5.47,51.07
5.09,43.79
14.66,100.0
9.86,100.0
20.16,100.0
21.6,100.0
8.48,81.72
5.68,44.29
18.73,100.0
6.6,68.59
19.74,100.0
10.17,78.89
16.02,100.0
2.29,20.76
14.97,100.0
10.84,100.0
14.08,100.0
4.03,40.1
17.68,100.0
20.71,100.0
5.2,52.93
2.3,26.24
0.57,0.0
15.41,100.0
14.57,100.0
13.12,100.0
5.57,58.19
9.38,84.81
14.27,100.0
11.92,100.0
23.71,100.0
3.27,31.16
16.68,100.0
9.7,91.38
10.28,100.0
17.22,100.0
16.62,100.0
23.79,100.0
3.08,28.14
2.5,41.26
17.38,100.0
13.88,100.0
6.58,53.88
1.91,24.81
2.06,31.39
21.46,100.0
4.6,52.27
7.76,72.34
5.44,49.12
8.52,69.24
1.67,30.12
12.46,100.0
1.62,11.95
19.21,100.0
5.61,46.49
12.96,100.0
21.12,100.0
15.62,100.0
12.79,100.0
7.78,63.75
7.99,76.43
16.07,100.0
23.86,100.0
15.88,100.0
13.39,100.0
17.54,100.0
11.16,100.0
1.44,18.91
13.5,100.0
22.98,100.0
4.21,47.61
16.56,100.0
4.82,47.7
12.86,100.0
2.32,22.02
10.81,98.96
18.15,100.0
8.34,76.61
15.96,100.0
19.09,100.0
22.25,100.0
5.63,54.84
9.58,81.57
3.66,34.88
23.82,100.0
22.25,100.0
12.96,100.0
20.21,100.0
12.5,100.0
14.97,100.0
2.14,15.82
18.13,100.0
3.07,37.47
19.83,100.0
18.77,100.0
17.01,100.0
0.87,2.99
7.28,71.84
6.31,67.82
8.64,69.88
2.1,22.82
22.49,100.0
13.29,100.0
7.33,72.85
9.53,89.22
10.73,100.0
14.41,100.0
12.38,100.0
22.07,100.0
11.93,100.0
23.81,100.0
20.43,100.0
5.0,53.79
22.33,100.0
2.79,31.12
19.62,100.0
9.13,94.01
21.07,100.0
20.83,100.0
19.34,100.0
18.96,100.0
7.31,67.16
1.94,21.16
9.67,90.79
4.16,37.28
16.68,100.0
8.31,72.37
23.41,100.0
15.38,100.0
19.74,100.0
3.18,32.5
20.69,100.0
22.15,100.0
11.69,100.0
14.55,100.0
18.36,100.0
4.2,40.96
12.06,100.0
9.57,85.44
3.51,38.29
8.82,98.38
1.64,8.52
0.62,3.51
3.24,32.4
23.11,100.0
13.19,100.0
23.18,100.0
10.38,100.0
7.48,76.38
12.15,100.0
10.55,95.97
2.54,35.11
15.38,100.0
5.18,55.78
14.87,100.0
15.6,100.0
3.65,33.76
1.47,21.86
18.74,100.0
11.04,99.24
1.4,20.37
23.88,100.0
1.39,22.85
16.68,100.0
23.61,100.0
5.74,48.07
3.41,32.45
2.91,17.3
7.28,65.75
2.43,13.03
16.61,100.0
1.5,19.27
12.23,100.0
23.92,100.0
19.54,100.0
14.77,100.0
7.35,65.34
14.97,100.0
12.65,100.0
10.23,97.33
3.14,31.09
21.28,100.0
10.79,100.0
4.67,40.87
8.83,77.23
9.94,92.04
19.86,100.0
17.61,100.0
18.46,100.0
0.26,0.0
9.99,100.0
11.55,100.0
0.46,0.0
6.24,58.1
18.25,100.0
3.29,19.03
12.85,100.0
5.16,41.69
0.29,14.73
5.79,58.67
23.42,100.0
19.24,100.0
23.03,100.0
11.71,100.0
2.63,24.81
13.15,100.0
10.91,100.0
20.26,100.0
2.35,19.92
11.72,96.74
3.6,41.02
7.79,76.1
17.7,100.0
11.42,100.0
9.02,86.3
9.47,82.71
11.03,100.0
18.84,100.0
21.41,100.0
22.93,100.0
18.89,100.0
7.57,70.08
16.52,100.0
10.5,86.42
6.11,55.01
20.18,100.0
0.92,3.37
21.64,100.0
11.08,100.0
15.29,100.0
15.82,100.0
21.48,100.0
15.28,100.0
14.73,100.0
1.6,14.19
12.44,100.0
3.6,41.36
17.7,100.0
12.29,100.0
16.33,100.0
1.0,13.56
2.04,29.26
17.19,100.0
1.73,17.13
1.71,18.61
0.29,0.0
22.96,100.0
17.7,100.0
8.48,68.18
7.12,70.21
8.39,77.02
18.59,100.0
15.87,100.0
4.44,35.35
4.18,39.39
2.36,13.79
15.85,100.0
18.34,100.0
6.36,59.05
0.5,0.0
1.97,22.71
23.23,100.0
7.09,63.72
18.46,100.0
14.99,100.0
9.17,90.73
4.94,40.06
2.91,17.81
14.76,100.0
18.59,100.0
15.45,100.0
12.73,100.0
1.01,11.03
23.24,100.0
19.17,100.0
7.03,65.64
23.52,100.0
14.45,100.0
13.98,100.0
17.95,100.0
19.48,100.0
15.76,100.0
3.07,29.37
8.12,82.03
22.27,100.0
5.39,46.41
8.93,88.04
10.37,100.0
10.55,99.26
14.71,100.0
22.63,100.0
5.78,68.51
2.92,15.51
4.74,45.69
21.29,100.0
15.5,100.0
6.86,67.25
19.58,100.0
20.67,100.0
20.32,100.0
22.05,100.0
6.05,55.67
18.12,100.0
11.05,100.0
20.21,100.0
17.48,100.0
18.63,100.0
15.75,100.0
4.26,48.71
13.08,100.0
23.63,100.0
22.5,100.0
1.04,28.8
3.96,36.01
3.16,37.74
17.42,100.0
19.63,100.0
5.12,42.75
12.14,98.28
20.18,100.0
17.59,100.0
13.01,100.0
14.17,100.0
12.2,100.0
7.14,68.07
13.56,100.0
16.53,100.0
20.96,100.0
15.27,100.0
18.27,100.0
3.84,35.72
11.08,100.0
0.22,3.21
5.92,65.77
17.44,100.0
23.8,100.0
2.38,14.89
9.64,97.32
19.2,100.0
4.9,43.61
13.32,100.0
17.59,100.0
14.78,100.0
4.51,38.71
8.53,83.54
18.81,100.0
13.3,100.0
0.13,0.0
18.26,100.0
0.85,4.26
17.9,100.0
4.86,39.21
22.99,100.0
8.83,79.93
7.85,76.28
3.57,30.62
7.33,73.92
21.04,100.0
23.91,100.0
8.84,71.39
10.77,86.75
17.33,100.0
21.27,100.0
14.23,100.0
9.4,98.0
9.9,100.0
16.69,100.0
0.08,0.0
14.87,100.0
8.53,76.84
19.06,100.0
2.23,16.3
14.12,100.0
11.54,100.0
15.42,100.0
1.56,16.28
13.92,100.0
13.48,100.0
13.46,100.0
14.48,100.0
16.24,100.0
19.32,100.0
6.48,55.84
19.8,100.0
11.96,96.79
1.85,27.32
1.41,18.1
8.02,65.69
18.84,100.0
16.98,100.0
18.93,100.0
12.41,100.0
10.56,84.46
3.54,31.17
7.88,73.27
10.42,100.0
2.13,10.44
5.29,39.61
14.36,100.0
17.66,100.0
23.96,100.0
22.39,100.0
15.42,100.0
10.11,100.0
15.27,100.0
18.86,100.0
2.84,25.92
9.84,100.0
20.16,100.0
9.21,84.78
13.72,100.0
14.11,100.0
4.43,53.78
8.69,76.25
8.03,79.83
0.63,5.38
0.58,14.31
19.96,100.0
6.55,60.58
12.43,100.0
7.17,73.7
22.58,100.0
6.22,63.61
10.31,90.25
20.95,100.0
20.21,100.0
4.47,46.97
19.26,100.0
11.0,92.23
11.59,100.0
3.2,35.11
1.93,19.5
17.47,100.0
11.92,100.0
10.48,92.79
17.51,100.0
18.37,100.0
3.81,20.0
14.65,100.0
3.25,33.97
18.03,100.0
15.77,100.0
22.96,100.0
1.65,31.3
1.37,3.77
6.77,69.71
6.28,59.67
5.93,45.52
21.75,100.0
5.99,62.74
6.53,57.83
18.23,100.0
10.79,90.84
18.64,100.0
1.57,15.87
11.7,100.0
0.81,2.68
1.5,19.92
21.75,100.0
3.34,37.74
12.78,100.0
9.87,97.98
8.34,76.11
21.6,100.0
0.52,0.0
15.93,100.0
23.12,100.0
13.44,100.0
22.48,100.0
1.25,12.76
10.05,100.0
6.24,67.85
17.54,100.0
23.55,100.0
6.16,65.35
15.7,100.0
4.75,49.93
13.57,100.0
11.13,100.0
23.33,100.0
14.6,100.0
8.39,84.07
2.74,27.71
3.63,37.89
5.41,44.41
6.02,68.55
20.41,100.0
13.47,100.0
12.56,100.0
2.75,22.14
20.64,100.0
17.35,100.0
1.62,18.43
16.99,100.0
13.04,100.0
1.96,20.76
11.0,97.51
11.63,100.0
3.98,43.85
22.7,100.0
20.4,100.0
16.06,100.0
11.1,100.0
9.88,85.67
15.62,100.0
13.09,100.0
1.49,7.56
12.3,100.0
19.35,100.0
11.02,100.0
1.25,9.63
18.87,100.0
4.83,53.87
6.21,53.14
3.95,37.11
7.93,78.46
18.16,100.0
12.47,100.0
4.92,50.09
21.07,100.0
21.11,100.0
20.89,100.0
5.73,53.4
10.83,100.0
23.64,100.0
18.53,100.0
0.65,23.62
1.56,12.89
11.13,100.0
21.82,100.0
12.93,100.0
11.95,100.0
2.53,10.28
15.76,100.0
19.73,100.0
9.13,83.76
18.61,100.0
23.15,100.0
4.89,36.47
12.56,100.0
6.89,71.49
19.03,100.0
13.86,100.0
15.23,100.0
19.15,100.0
9.5,98.78
21.96,100.0
12.79,100.0
3.79,36.77
16.7,100.0
19.04,100.0
7.6,82.93
20.57,100.0
21.75,100.0
6.65,72.82
23.6,100.0
3.38,29.57
4.85,52.06
4.42,44.38
21.46,100.0
15.7,100.0
3.65,41.85
10.57,100.0
14.77,100.0
2.0,19.35
21.18,100.0
19.29,100.0
12.12,100.0
23.21,100.0
10.03,93.37
23.62,100.0
16.03,100.0
15.23,100.0
3.98,34.33
21.17,100.0
10.26,86.91
3.89,38.25
0.3,6.02
13.43,100.0
12.66,100.0
17.26,100.0
21.37,100.0
1.91,8.79
17.56,100.0
4.5,53.59
20.6,100.0
19.66,100.0
12.98,100.0
17.05,100.0
7.54,69.3
11.31,100.0
19.72,100.0
11.02,100.0
8.59,81.32
11.86,100.0
19.88,100.0
8.04,75.24
4.17,33.52
17.09,100.0
19.82,100.0
2.42,14.99
5.76,55.33
3.41,34.03
8.35,74.3
10.81,98.58
17.97,100.0
15.63,100.0
14.9,100.0
8.46,74.1
20.19,100.0
11.31,100.0
23.5,100.0
15.22,100.0
3.03,23.7
16.23,100.0
7.8,65.24
16.47,100.0
1.67,9.75
4.2,38.45
20.54,100.0
5.45,57.53
20.09,100.0
6.7,67.51
15.43,100.0
16.66,100.0
12.3,100.0
7.33,64.3
5.1,49.92
0.8,18.31
7.29,63.81
15.68,100.0
22.52,100.0
20.91,100.0
18.39,100.0
18.92,100.0
15.96,100.0
6.25,72.46
21.77,100.0
16.1,100.0
13.45,100.0
2.66,32.9
10.73,97.94
11.05,100.0
20.75,100.0
13.12,100.0
9.13,86.41
23.44,100.0
2.66,30.05
10.14,100.0
1.01,8.05
17.76,100.0
22.03,100.0
6.72,53.5
20.6,100.0
7.01,79.84
21.86,100.0
18.1,100.0
19.32,100.0
0.43,9.16
23.11,100.0
17.44,100.0
7.31,63.02
19.91,100.0
6.76,53.27
20.95,100.0
2.7,31.75
16.89,100.0
12.98,100.0
2.32,33.1
5.81,50.91
0.3,10.8
11.25,100.0
7.23,67.55
14.36,100.0
7.13,61.55
7.2,69.33
17.84,100.0
1.16,1.78
21.67,100.0
20.45,100.0
16.03,100.0
14.24,100.0
21.42,100.0
4.45,48.41
1.9,24.8
5.75,52.49
19.07,100.0
0.83,21.56
13.99,100.0
23.89,100.0
20.54,100.0
12.51,100.0
1.53,14.37
19.95,100.0
14.38,100.0
2.76,18.69
2.25,16.66
21.83,100.0
16.06,100.0
19.9,100.0
21.1,100.0
13.72,100.0
12.42,100.0
10.33,95.63
7.61,68.43
10.43,91.4
18.57,100.0
14.45,100.0
21.42,100.0
10.64,100.0
14.57,100.0
15.15,100.0
14.2,100.0
16.86,100.0
5.7,61.04
12.3,100.0
2.5,20.41
9.23,78.55
11.7,100.0
15.65,100.0
22.81,100.0
14.42,100.0
17.85,100.0
12.15,100.0
15.22,100.0
1.7,15.92
6.11,57.44
8.68,95.62
11.34,100.0
1.1,8.16
3.36,21.94
6.64,65.84
23.32,100.0
7.95,71.1
11.57,100.0
4.71,42.2
14.66,100.0
6.74,46.62
4.97,45.66
12.4,100.0
0.13,0.0
0.18,2.08
5.26,44.68
0.88,10.88
2.59,23.09
8.13,70.66
19.26,100.0
13.73,100.0
12.3,100.0
7.04,70.36
22.36,100.0
9.53,95.03
2.09,8.0
14.81,100.0
2.73,21.95
8.29,76.25
12.18,100.0
20.98,100.0
11.85,100.0
16.85,100.0
23.83,100.0
3.16,20.6
6.59,55.58
9.47,87.65
10.12,100.0
9.86,99.08
21.78,100.0
17.14,100.0
14.59,100.0
7.42,71.47
19.77,100.0
22.92,100.0
19.71,100.0
0.04,3.84
15.27,100.0
1.23,16.88
6.18,58.07
1.43,6.01
14.49,100.0
16.48,100.0
2.75,32.5
9.21,86.21
10.95,95.56
8.86,84.57
2.9,28.34
10.05,96.78
18.03,100.0
1.7,23.28
1.92,14.08
8.51,76.53
22.6,100.0
16.05,100.0
16.29,100.0
8.69,80.35
14.25,100.0
0.24,12.55
15.27,100.0
21.92,100.0
14.7,100.0
20.97,100.0
17.38,100.0
2.89,19.52
21.66,100.0
1.59,11.0
12.82,100.0
3.41,22.31
0.28,9.37
10.13,100.0
7.08,53.63
11.66,100.0
13.85,100.0
1.05,15.97
2.95,27.55
13.41,100.0
8.24,76.98
17.5,100.0
15.65,100.0
20.29,100.0
16.62,100.0
10.32,100.0
16.15,100.0
6.61,59.09
7.35,76.53
18.94,100.0
10.71,100.0
19.16,100.0
19.74,100.0
20.58,100.0
22.0,100.0
10.34,88.34
7.65,69.06
13.97,100.0
8.91,94.39
14.43,100.0
16.93,100.0
16.52,100.0
8.99,82.3
4.0,35.98
10.33,97.33
3.42,33.08
21.36,100.0
8.3,75.74
3.71,36.22
0.61,5.48
15.5,100.0
15.29,100.0
8.17,76.61
1.72,15.18
9.83,93.61
7.47,71.49
16.25,100.0
14.54,100.0
8.75,74.94
5.23,44.64
23.71,100.0
10.9,96.28
16.52,100.0
3.37,37.16
11.65,96.14
0.66,4.62
12.13,100.0
23.14,100.0
9.22,73.72
0.94,0.0
0.74,13.32
9.31,96.32
3.84,32.89
0.56,10.1
18.15,100.0
11.0,100.0
6.94,64.21
21.6,100.0
2.79,20.76
22.94,100.0
7.54,69.82
21.32,100.0
14.47,100.0
19.84,100.0
23.62,100.0
6.92,73.43
23.07,100.0
9.35,89.28
9.25,94.22
8.17,78.12
12.99,100.0
3.7,25.08
13.29,100.0
13.0,100.0
18.29,100.0
20.01,100.0
10.57,100.0
7.26,59.01
6.22,64.99
4.67,49.65
1.38,0.0
8.22,78.06
6.49,50.52
23.19,100.0
13.39,100.0
8.33,84.8
13.93,100.0
3.34,22.73
10.66,100.0
15.03,100.0
11.73,100.0
9.64,85.88
23.85,100.0
21.13,100.0
14.96,100.0
13.67,100.0
14.9,100.0
4.83,48.03
9.48,87.0
0.95,10.3
11.41,100.0
13.03,100.0
5.47,39.34
23.14,100.0
21.83,100.0
17.33,100.0
12.8,100.0
20.88,100.0
3.14,33.27
18.97,100.0
3.0,20.54
19.06,100.0
6.62,72.01
21.05,100.0
22.66,100.0
3.57,37.48
11.1,99.75
23.54,100.0
11.6,100.0
20.73,100.0
14.13,100.0
9.01,67.27
6.86,54.8
4.88,36.98
18.28,100.0
9.28,85.88
12.27,100.0
11.82,100.0
13.85,100.0
20.77,100.0
23.54,100.0
9.78,92.01
19.86,100.0
18.35,100.0
13.76,100.0
22.95,100.0
4.81,40.33
2.62,21.66
20.5,100.0
10.54,100.0
20.33,100.0
21.43,100.0
1.5,6.56
21.2,100.0
10.76,91.67
12.25,100.0
15.04,100.0
22.23,100.0
0.46,0.0
11.44,100.0
16.51,100.0
17.34,100.0
16.62,100.0
3.23,34.88
7.19,59.85
8.61,87.46
19.31,100.0
6.69,60.17
5.06,51.78
22.98,100.0
0.21,2.26
23.95,100.0
16.24,100.0
19.88,100.0
7.07,54.36
0.34,7.54
17.71,100.0
20.02,100.0
17.77,100.0
3.43,34.65
18.08,100.0
18.45,100.0
15.8,100.0
18.39,100.0
20.3,100.0
14.73,100.0
2.13,18.64
11.7,100.0
1.86,20.49
9.78,100.0
9.77,93.57
1.58,8.66
8.37,86.22
2.66,29.91
19.4,100.0
22.74,100.0
1.74,23.51
22.92,100.0
12.54,100.0
7.19,65.8
1.84,26.07
12.01,100.0
19.07,100.0
16.97,100.0
1.21,18.95
1.75,14.82
9.67,100.0
7.09,70.79
5.58,44.45
6.74,74.0
19.28,100.0
22.3,100.0
9.72,87.01
21.75,100.0
7.72,74.36
11.43,100.0
5.42,63.34
15.37,100.0
23.5,100.0
14.48,100.0
8.59,79.17
15.55,100.0
2.95,25.44
21.33,100.0
12.07,100.0
10.78,100.0
14.06,100.0
14.99,100.0
1.72,16.48
16.38,100.0
5.81,59.25
17.13,100.0
19.74,100.0
19.3,100.0
13.26,100.0
12.48,100.0
3.43,25.93
18.61,100.0
6.51,58.23
11.92,100.0
6.82,66.75
3.21,11.77
15.11,100.0
1.3,11.11
17.97,100.0
7.62,69.8
0.0,0.0
12.27,100.0
1.12,13.38
6.63,67.06
16.97,100.0
1.5,22.35
20.14,100.0
0.09,0.0
5.92,54.28
17.78,100.0
7.59,71.35
2.45,31.06
8.65,86.97
6.49,71.47
20.23,100.0
7.52,80.86
18.93,100.0
21.4,100.0
10.41,98.74
21.84,100.0
9.06,96.4
23.14,100.0
2.14,21.86
16.49,100.0
11.85,100.0
9.3,79.1
15.19,100.0
16.89,100.0
0.1,2.06
4.01,46.19
17.11,100.0
15.99,100.0
23.19,100.0
18.26,100.0
22.82,100.0
16.86,100.0
7.15,66.04
2.53,13.23
18.76,100.0
15.46,100.0
1.16,21.04
8.64,80.26
22.96,100.0
12.01,100.0
10.39,97.19
10.98,96.07
5.01,57.88
8.85,79.72
8.88,71.48
1.26,21.27
18.42,100.0
10.0,90.75
19.73,100.0
20.41,100.0
5.09,39.33
15.78,100.0
11.33,100.0
21.12,100.0
5.18,48.79
16.27,100.0
14.59,100.0
7.09,68.67
3.28,25.65
15.64,100.0
17.73,100.0
7.58,78.75
15.48,100.0
9.48,100.0
17.12,100.0
4.78,45.4
21.37,100.0
6.9,82.11
8.83,73.81
1.39,11.63
2.68,8.81
12.38,100.0
6.42,63.55
20.05,100.0
0.35,0.0
9.1,72.1
8.1,79.56
0.46,14.56
2.98,24.17
9.93,97.42
11.83,100.0
9.7,95.35
12.74,100.0
14.28,100.0
0.24,0.0
11.14,100.0
23.12,100.0
12.46,100.0
16.26,100.0
7.48,70.77
18.58,100.0
18.55,100.0
12.51,100.0
23.42,100.0
3.01,21.75
0.41,16.48
18.48,100.0
19.37,100.0
2.88,35.1
6.37,61.92
0.42,5.79
7.04,64.47
18.56,100.0
12.43,100.0
8.35,75.51
8.92,97.46
0.03,0.0
7.2,79.15
15.52,100.0
23.38,100.0
20.33,100.0
0.57,1.0
21.57,100.0
18.8,100.0
18.73,100.0
10.99,97.94
9.55,81.95
7.27,67.56
1.58,17.71
5.48,56.98
5.92,57.93
11.62,100.0
17.94,100.0
11.37,100.0
1.39,19.76
22.99,100.0
22.63,100.0
18.84,100.0
23.79,100.0
13.07,100.0
23.11,100.0
1.81,19.07
8.78,88.42
5.41,51.04
4.7,44.76
3.38,33.11
14.94,100.0
18.75,100.0
13.88,100.0
3.53,28.67
19.47,100.0
15.26,100.0
9.32,86.88
16.18,100.0
6.24,62.92
8.28,71.1
22.02,100.0
6.97,74.11
11.28,99.25
21.36,100.0
16.99,100.0
1.49,13.13
3.54,18.09
0.19,0.0
15.14,100.0
10.74,93.89
3.22,27.7
22.99,100.0
12.71,100.0
5.81,53.16
12.01,100.0
16.31,100.0
1.83,27.43
6.59,64.6
19.37,100.0
11.03,100.0
13.12,100.0
10.39,98.14
1.05,22.19
3.98,43.83
10.69,100.0
5.02,55.29
1.2,13.73
20.25,100.0
23.55,100.0
19.04,100.0
20.49,100.0
5.81,53.63
23.06,100.0
4.73,57.42
22.83,100.0
23.88,100.0
17.08,100.0
23.55,100.0
13.67,100.0
6.23,62.75
10.49,100.0
14.25,100.0
1.75,37.17
14.94,100.0
23.55,100.0
4.56,40.57
19.02,100.0
21.79,100.0
22.65,100.0
23.04,100.0
12.52,100.0
23.46,100.0
18.18,100.0
3.88,35.6
11.45,100.0
17.24,100.0
5.94,54.58
15.37,100.0
16.0,100.0
3.9,20.36
13.56,100.0
18.52,100.0
11.97,100.0
0.29,3.86
0.22,7.83
8.57,80.05
22.23,100.0
5.49,63.83
15.22,100.0
5.33,53.53
7.72,88.29
20.35,100.0
17.49,100.0
2.29,17.35
10.29,97.53
0.7,6.88
11.54,94.11
15.9,100.0
2.84,19.3
6.93,71.59
9.55,96.83
22.07,100.0
23.84,100.0
1.08,9.11
18.26,100.0
8.92,84.8
9.42,89.9
18.1,100.0
22.04,100.0
22.82,100.0
13.85,100.0
8.57,73.49
18.9,100.0
6.02,62.0
13.54,100.0
8.61,78.62
15.76,100.0
5.77,50.56
4.6,42.3
22.04,100.0
2.44,33.95
12.14,100.0
5.3,48.38
0.93,17.45
0.86,1.53
4.21,33.65
20.8,100.0
6.78,76.12
22.81,100.0
13.96,100.0
10.48,93.19
13.92,100.0
12.4,100.0
18.21,100.0
6.78,67.5
8.47,70.43
21.46,100.0
22.71,100.0
21.42,100.0
10.07,96.91
18.73,100.0
11.43,98.22
11.94,100.0
4.91,42.84
14.19,100.0
4.47,55.3
7.96,69.54
20.52,100.0
4.97,52.46
1.71,12.06
1.66,5.3
22.58,100.0
12.17,100.0
9.83,90.33
19.46,100.0
20.06,100.0
7.97,67.65
16.65,100.0
18.51,100.0
15.71,100.0
3.64,41.08
21.02,100.0
12.94,100.0
6.78,62.6
10.21,92.54
0.9,4.59
3.07,42.26
18.37,100.0
0.0,17.09
10.0,98.06
12.54,100.0
1.31,15.78
23.35,100.0
5.43,44.63
7.3,61.51
7.29,63.97
5.53,52.76
0.04,0.0
17.5,100.0
23.2,100.0
5.38,52.17
15.91,100.0
17.81,100.0
20.36,100.0
10.14,90.55
7.27,81.99
7.81,87.73
17.1,100.0
19.6,100.0
4.36,48.63
8.9,92.21
21.65,100.0
19.36,100.0
23.64,100.0
18.1,100.0
9.44,94.35
14.18,100.0
15.86,100.0
1.88,8.43
13.07,100.0
17.02,100.0
4.02,33.06
18.74,100.0
14.01,100.0
22.85,100.0
1.02,9.38
6.37,55.41
14.44,100.0
7.12,68.9
17.15,100.0
18.22,100.0
2.46,36.01
12.33,100.0
12.21,100.0
8.86,91.25
22.39,100.0
19.86,100.0
16.73,100.0
17.14,100.0
11.08,100.0
22.1,100.0
16.67,100.0
17.5,100.0
20.68,100.0
6.58,69.14
19.37,100.0
4.69,47.51
8.29,75.49
8.05,73.9
23.48,100.0
20.56,100.0
16.83,100.0
17.45,100.0
13.49,100.0
22.73,100.0
11.91,100.0
9.13,81.93
3.91,45.29
18.87,100.0
17.63,100.0
9.22,79.97
0.6,23.62
20.14,100.0
0.27,2.34
16.89,100.0
23.29,100.0
10.5,100.0
5.64,48.56
16.92,100.0
19.61,100.0
13.11,100.0
23.21,100.0
1.24,11.31
12.12,100.0
17.24,100.0
20.7,100.0
4.3,42.58
19.2,100.0
13.26,100.0
9.52,93.8
3.16,40.15
20.77,100.0
3.77,32.81
7.43,61.48
6.96,63.12
20.91,100.0
16.14,100.0
19.12,100.0
6.01,44.54
15.0,100.0
13.72,100.0
19.99,100.0
21.75,100.0
0.29,7.67
16.18,100.0
1.24,19.98
13.17,100.0
6.9,60.87
7.36,62.93
8.47,68.19
14.91,100.0
8.02,88.83
17.58,100.0
9.71,92.93
1.64,23.4
18.81,100.0
6.86,68.66
10.39,96.31
16.45,100.0
7.98,79.57
1.36,8.87
8.97,84.67
22.67,100.0
15.4,100.0
16.12,100.0
15.17,100.0
4.78,58.79
10.04,100.0
18.02,100.0
2.43,23.26
6.67,65.61
6.63,70.0
10.37,100.0
23.53,100.0
1.62,6.18
12.45,100.0
4.3,38.91
23.3,100.0
2.72,17.06
9.69,88.17
17.71,100.0
16.91,100.0
10.15,96.27
8.32,78.63
9.54,94.75
6.34,66.97
4.93,53.46
11.59,100.0
6.44,56.76
6.9,63.46
15.76,100.0
23.24,100.0
14.49,100.0
1.85,20.37
1.81,22.69
22.83,100.0
7.13,72.74
2.21,19.36
14.38,100.0
14.97,100.0
15.56,100.0
6.42,70.46
0.36,12.85
23.16,100.0
6.02,59.23
16.22,100.0
16.96,100.0
14.64,100.0
7.51,69.18
6.51,64.68
14.34,100.0
20.79,100.0
22.72,100.0
2.54,24.52
3.72,49.68
22.67,100.0
17.68,100.0
21.19,100.0
4.86,54.13
14.1,100.0
16.83,100.0
16.32,100.0
9.8,85.0
0.37,5.77
13.99,100.0
6.07,53.94
10.81,100.0
22.98,100.0
9.58,100.0
20.16,100.0
4.52,31.94
16.14,100.0
23.45,100.0
2.45,17.8
0.2,7.26
10.41,96.0
2.22,24.32
17.96,100.0
21.95,100.0
10.42,95.1
6.21,59.08
10.43,98.43
17.36,100.0
0.22,0.0
14.15,100.0
14.72,100.0
15.3,100.0
5.81,57.47
17.14,100.0
2.19,8.72
4.78,43.52
21.06,100.0
17.73,100.0
0.33,7.94
5.96,67.37
5.15,53.11
6.5,56.77
5.94,57.25
1.5,15.9
11.01,98.02
17.59,100.0
14.56,100.0
16.15,100.0
1.95,3.96
22.84,100.0
20.12,100.0
19.32,100.0
19.75,100.0
22.39,100.0
13.06,100.0
4.81,51.3
14.8,100.0
17.83,100.0
17.71,100.0
12.51,100.0
1.64,24.28
8.91,79.19
22.1,100.0
14.03,100.0
12.92,100.0
6.45,62.24
8.84,70.78
21.49,100.0
16.0,100.0
18.9,100.0
10.9,100.0
15.13,100.0
5.96,64.96
16.93,100.0
10.26,85.46
10.62,100.0
15.58,100.0
22.47,100.0
1.54,4.78
19.79,100.0
7.02,65.8
10.65,100.0
0.53,2.95
7.23,73.12
12.06,100.0
1.35,0.0
11.79,100.0
22.25,100.0
2.53,26.51
18.35,100.0
9.83,94.53
15.72,100.0
6.25,52.73
3.83,43.81
3.85,33.54
1.69,28.33
4.46,39.81
15.94,100.0
21.16,100.0
19.54,100.0
16.44,100.0
2.65,21.83
6.94,65.62
7.44,80.08
6.0,43.46
12.36,100.0
12.85,100.0
8.57,82.77
8.49,89.82
19.89,100.0
18.94,100.0
7.39,74.35
21.93,100.0
22.87,100.0
7.84,78.09
8.51,76.28
12.14,100.0
22.59,100.0
21.03,100.0
2.46,0.82
9.43,92.35
13.28,100.0
12.08,100.0
4.65,46.34
20.61,100.0
16.25,100.0
20.11,100.0
20.61,100.0
17.96,100.0
10.54,100.0
14.65,100.0
3.85,30.44
16.17,100.0
4.3,38.15
16.65,100.0
5.51,60.52
2.82,21.36
3.97,31.73
0.05,0.0
17.25,100.0
17.58,100.0
12.36,100.0
3.87,27.39
2.01,13.9
0.46,3.56
3.98,51.1
21.38,100.0
5.8,62.7
8.5,81.02
2.53,20.65
5.34,49.0
12.46,100.0
14.59,100.0
5.89,65.58
1.39,15.72
9.38,97.42
5.62,46.64
5.27,47.16
23.04,100.0
14.79,100.0
13.37,100.0
9.98,99.92
10.29,91.24
12.98,100.0
16.71,100.0
16.85,100.0
4.12,53.99
12.0,100.0
9.89,79.78
20.89,100.0
15.15,100.0
12.78,100.0
2.77,33.25
14.54,100.0
2.81,28.78
8.09,80.01
3.43,31.85
16.61,100.0
4.95,36.67
9.4,90.28
21.5,100.0
4.9,52.24
12.19,100.0
10.06,83.36
0.43,5.18
19.03,100.0
1.66,26.2
11.38,99.22
13.46,100.0
15.08,100.0
16.53,100.0
6.08,48.72
0.24,0.0
17.36,100.0
12.86,100.0
20.07,100.0
19.71,100.0
20.24,100.0
11.64,98.41
8.01,83.84
19.0,100.0
10.83,100.0
4.4,63.62
20.52,100.0
21.18,100.0
11.19,100.0
1.82,16.93
9.31,89.57
19.28,100.0
21.64,100.0
4.88,58.17
1.61,17.01
21.06,100.0
9.35,84.43
13.0,100.0
23.23,100.0
1.6,17.14
15.56,100.0
1.78,9.93
9.01,90.41
19.29,100.0
10.4,92.82
23.93,100.0
13.42,100.0
7.71,68.84
5.28,49.34
8.41,80.0
8.94,71.51
1.65,5.38
8.87,86.62
11.14,100.0
17.35,100.0
15.76,100.0
17.01,100.0
0.2,14.64
5.22,49.01
15.88,100.0
11.62,100.0
0.13,18.4
19.31,100.0
18.55,100.0
13.16,100.0
1.6,24.72
18.4,100.0
14.01,100.0
18.77,100.0
18.04,100.0
19.27,100.0
12.43,100.0
3.37,19.99
16.11,100.0
14.89,100.0
17.81,100.0
4.08,48.82
4.68,39.53
21.37,100.0
18.0,100.0
21.8,100.0
18.21,100.0
14.33,100.0
15.7,100.0
21.34,100.0
13.89,100.0
15.18,100.0
3.76,28.32
11.37,100.0
17.19,100.0
6.5,67.79
4.85,45.97
7.53,50.86
5.8,50.61
5.16,44.64
10.2,90.05
21.79,100.0
12.17,100.0
4.51,37.07
1.85,10.16
16.71,100.0
9.19,95.16
19.72,100.0
15.83,100.0
19.11,100.0
6.53,64.41
16.62,100.0
6.34,38.92
22.54,100.0
15.27,100.0
7.79,66.65
6.47,54.66
4.58,40.36
16.67,100.0
5.25,51.44
14.29,100.0
6.35,52.5
15.89,100.0
19.56,100.0
18.67,100.0
18.26,100.0
4.51,30.18
2.12,24.59
16.77,100.0
8.84,80.79
10.38,100.0
0.75,10.45
6.23,64.14
0.81,15.94
21.1,100.0
5.84,45.85
13.38,100.0
0.94,29.53
16.0,100.0
7.75,90.21
21.55,100.0
21.31,100.0
7.81,76.3
21.62,100.0
23.91,100.0
19.81,100.0
20.28,100.0
5.98,52.61
13.84,100.0
1.61,21.26
2.28,15.29
23.97,100.0
7.84,67.35
17.96,100.0
19.36,100.0
20.59,100.0
23.94,100.0
5.8,48.69
0.97,10.1
9.87,90.24
3.12,37.89
0.54,14.31
8.65,88.22
18.81,100.0
13.59,100.0
7.51,63.0
15.7,100.0
5.57,47.6
0.35,7.97
18.34,100.0
14.97,100.0
18.3,100.0
0.93,14.18
20.09,100.0
14.87,100.0
13.52,100.0
14.99,100.0
20.75,100.0
14.09,100.0
13.94,100.0
23.78,100.0
18.16,100.0
10.62,100.0
16.98,100.0
9.34,92.99
5.49,56.16
14.32,100.0
22.28,100.0
22.3,100.0
8.21,75.81
12.66,100.0
5.08,46.52
23.9,100.0
23.55,100.0
15.59,100.0
19.31,100.0
17.16,100.0
14.24,100.0
1.28,12.71
10.91,94.49
16.19,100.0
16.26,100.0
8.95,72.17
22.6,100.0
4.02,39.19
12.01,100.0
16.58,100.0
16.73,100.0
15.57,100.0
6.61,62.03
3.75,34.34
15.26,100.0
14.38,100.0
4.3,38.22
16.92,100.0
10.92,90.61
16.03,100.0
20.1,100.0
4.07,39.35
0.46,2.78
18.7,100.0
14.63,100.0
16.79,100.0
20.12,100.0
19.27,100.0
23.06,100.0
12.86,100.0
11.72,100.0
9.65,91.6
3.69,27.12
13.74,100.0
6.65,50.62
22.11,100.0
14.0,100.0
14.23,100.0
8.52,82.36
1.25,0.98
0.76,7.5
10.16,86.56
2.03,22.51
14.56,100.0
21.14,100.0
21.19,100.0
15.82,100.0
5.07,47.76
20.71,100.0
21.27,100.0
4.72,57.19
17.7,100.0
6.88,66.0
19.26,100.0
23.93,100.0
0.72,17.36
21.54,100.0
14.94,100.0
23.36,100.0
11.16,100.0
20.34,100.0
1.5,17.58
8.05,69.03
1.61,22.45
23.41,100.0
19.61,100.0
20.46,100.0
22.51,100.0
2.04,15.06
9.25,78.44
1.7,11.91
5.06,47.85
5.5,43.98
11.26,98.91
6.45,76.05
2.42,16.97
4.02,35.93
3.53,30.96
23.35,100.0
18.22,100.0
23.23,100.0
10.55,98.08
6.68,54.8
19.16,100.0
7.83,73.72
7.19,80.42
5.58,37.29
3.11,30.91
6.16,71.95
8.53,78.56
16.18,100.0
1.5,16.32
5.05,44.06
19.42,100.0
3.53,31.17
8.22,73.7
20.75,100.0
3.72,38.57
1.99,20.66
11.63,100.0
7.26,67.12
13.52,100.0
19.29,100.0
3.29,31.27
13.94,100.0
12.13,100.0
3.46,29.26
14.98,100.0
6.57,43.0
11.71,100.0
1.97,30.79
11.03,100.0
7.36,75.19
19.74,100.0
1.37,8.34
10.05,79.78
11.0,100.0
17.4,100.0
13.78,100.0
16.01,100.0
18.65,100.0
20.69,100.0
7.53,73.06
12.91,100.0
20.16,100.0
23.75,100.0
21.35,100.0
8.92,83.01
4.68,27.81
11.75,100.0
17.8,100.0
11.82,100.0
11.6,100.0
20.12,100.0
8.67,81.85
20.64,100.0
9.76,99.83
7.88,72.04
10.9,93.15
18.3,100.0
3.02,37.52
4.71,49.06
22.83,100.0
4.21,36.91
13.63,100.0
13.9,100.0
11.75,100.0
15.47,100.0
5.52,47.29
13.26,100.0
8.93,89.1
15.88,100.0
3.39,37.77
13.7,100.0
4.45,49.68
6.69,66.85
5.25,49.96
4.39,34.84
19.82,100.0
6.86,76.93
22.25,100.0
23.28,100.0
13.71,100.0
3.43,24.51
8.99,91.39
19.15,100.0
8.82,92.99
2.09,19.75
13.36,100.0
20.28,100.0
19.1,100.0
4.2,32.0
16.15,100.0
5.29,56.36
5.24,52.32
20.98,100.0
5.99,54.4
6.32,51.47
0.02,8.43
20.9,100.0
19.02,100.0
15.06,100.0
18.01,100.0
3.65,45.06
11.0,99.36
8.43,70.29
2.25,6.3
11.67,100.0
22.1,100.0
0.96,0.0
7.0,74.82
4.98,51.98
5.72,54.14
21.8,100.0
11.23,100.0
11.19,100.0
18.25,100.0
3.71,40.97
11.69,100.0
10.32,99.23
14.33,100.0
23.99,100.0
18.47,100.0
9.55,90.01
19.86,100.0
4.1,34.32
0.73,0.0
4.91,39.28
8.17,84.58
12.25,100.0
14.76,100.0
21.85,100.0
12.24,100.0
12.03,100.0
1.21,13.63
0.84,2.86
13.23,100.0
10.52,95.48
20.14,100.0
3.86,36.33
0.6,7.35
10.78,76.59
5.7,48.5
1.19,8.56
17.39,100.0
2.68,17.9
14.6,100.0
6.75,74.59
4.16,30.33
9.11,89.3
19.23,100.0
9.41,85.86
18.02,100.0
3.01,23.47
18.55,100.0
5.69,59.97
16.26,100.0
13.58,100.0
22.3,100.0
9.3,91.11
1.59,22.62
0.46,0.0
19.84,100.0
12.59,100.0
18.61,100.0
5.63,50.56
8.28,70.98
0.72,4.31
23.08,100.0
16.03,100.0
22.4,100.0
6.37,61.14
14.68,100.0
16.28,100.0
7.62,79.01
20.35,100.0
22.73,100.0
21.24,100.0
17.74,100.0
6.66,55.86
6.76,71.95
23.12,100.0
0.25,1.93
17.19,100.0
16.95,100.0
14.94,100.0
23.76,100.0
7.49,56.2
8.16,82.84
1.89,12.08
10.63,100.0
6.27,60.56
8.24,73.57
20.03,100.0
22.45,100.0
4.46,46.86
8.94,77.72
22.29,100.0
1.48,14.03
2.22,20.8
3.91,42.39
14.29,100.0
3.61,36.64
23.23,100.0
10.72,95.97
12.04,100.0
5.92,54.74
11.3,82.14
15.89,100.0
18.03,100.0
18.09,100.0
13.87,100.0
21.7,100.0
19.62,100.0
18.17,100.0
1.33,18.95
0.17,0.0
5.1,52.25
15.92,100.0
9.87,92.39
9.66,94.64
21.23,100.0
21.49,100.0
21.82,100.0
7.53,75.86
16.59,100.0
6.52,69.16
4.57,33.55
4.43,45.2
8.21,83.95
10.32,100.0
19.94,100.0
2.88,22.76
17.64,100.0
12.75,100.0
6.91,63.55
11.83,100.0
7.2,68.07
14.31,100.0
10.41,92.75
3.95,39.85
2.8,17.27
13.12,100.0
21.66,100.0
8.25,87.47
17.59,100.0
15.81,100.0
22.36,100.0
19.7,100.0
13.6,100.0
15.77,100.0
21.56,100.0
9.59,92.26
7.84,74.57
0.26,13.93
19.84,100.0
19.22,100.0
2.51,12.53
13.84,100.0
11.14,100.0
2.85,37.87
23.53,100.0
5.15,46.1
1.61,15.31
14.28,100.0
17.73,100.0
0.78,26.38
15.81,100.0
12.78,100.0
2.48,27.87
4.14,44.3
13.63,100.0
7.11,63.13
22.52,100.0
19.65,100.0
23.61,100.0
6.23,69.12
23.27,100.0
10.35,100.0
8.34,88.97
1.21,11.65
1.27,14.28
16.61,100.0
10.99,99.33
5.44,52.06
14.74,100.0
6.07,50.97
13.86,100.0
8.62,72.04
19.77,100.0
19.7,100.0
11.46,100.0
8.42,72.81
8.7,86.9
19.34,100.0
7.88,74.65
5.02,65.88
2.03,7.22
11.2,100.0
11.57,100.0
20.18,100.0
5.31,49.01
9.14,84.8
19.4,100.0
19.77,100.0
9.23,91.9
11.02,100.0
7.28,62.03
22.38,100.0
2.85,20.49
22.41,100.0
16.41,100.0
12.76,100.0
0.78,25.66
11.41,100.0
9.79,93.42
3.87,37.51
15.75,100.0
23.31,100.0
13.49,100.0
17.15,100.0
1.64,10.03
10.02,88.71
2.79,23.35
14.71,100.0
22.52,100.0
15.88,100.0
1.84,15.24
8.51,81.86
13.22,100.0
9.68,86.12
20.01,100.0
19.55,100.0
14.68,100.0
8.96,84.0
6.13,54.35
2.54,27.13
8.52,93.0
9.92,100.0
16.22,100.0
15.8,100.0
1.68,14.71
9.49,91.24
4.36,38.63
3.76,36.54
19.86,100.0
1.01,5.54
10.06,89.3
4.04,35.24
21.1,100.0
13.37,100.0
5.55,58.7
12.06,100.0
17.56,100.0
22.99,100.0
5.29,58.41
21.27,100.0
22.42,100.0
21.99,100.0
15.25,100.0
15.12,100.0
9.68,97.17
18.06,100.0
12.75,100.0
16.26,100.0
10.28,91.89
17.56,100.0
19.79,100.0
3.51,31.41
19.99,100.0
12.97,100.0
20.27,100.0
10.35,100.0
9.1,83.68
21.96,100.0
6.03,67.54
20.26,100.0
11.62,100.0
12.34,100.0
7.4,68.01
13.75,100.0
7.81,72.04
0.94,11.45
6.53,65.82
0.15,0.0
23.48,100.0
23.18,100.0
9.48,83.86
17.48,100.0
8.3,82.66
16.11,100.0
19.33,100.0
22.72,100.0
9.61,86.8
18.8,100.0
6.38,53.49
23.77,100.0
0.62,11.56
14.48,100.0
15.83,100.0
16.51,100.0
2.89,40.77
22.52,100.0
4.35,35.01
14.95,100.0
5.34,48.25
7.37,65.87
13.12,100.0
10.01,91.02
3.85,39.37
4.1,29.71
10.04,93.71
18.17,100.0
21.55,100.0
2.02,20.18
9.43,92.91
2.41,31.09
0.4,0.0
15.88,100.0
14.46,100.0
3.91,38.31
5.61,60.71
0.57,0.0
20.04,100.0
23.39,100.0
3.25,27.03
5.56,62.13
20.84,100.0
22.24,100.0
10.07,92.27
1.21,1.08
0.95,1.15
13.77,100.0
9.43,81.37
0.69,14.34
14.0,100.0
0.27,3.16
18.9,100.0
7.35,75.23
0.97,14.7
14.12,100.0
9.54,94.58
23.37,100.0
13.06,100.0
6.61,60.43
17.03,100.0
6.52,60.02
21.7,100.0
8.99,80.58
13.2,100.0
1.21,20.67
10.23,100.0
19.98,100.0
19.34,100.0
5.38,48.88
5.43,55.79
19.62,100.0
22.33,100.0
2.29,23.95
10.8,92.21
8.1,81.21
20.9,100.0
2.0,17.78
5.07,57.69
18.06,100.0
1.23,17.63
11.82,96.76
10.61,100.0
8.03,86.75
9.47,87.97
12.72,100.0
3.87,38.78
13.73,100.0
19.33,100.0
18.24,100.0
3.69,28.47
3.58,41.86
6.44,66.82
8.67,89.2
9.8,93.16
16.31,100.0
1.36,19.77
0.83,5.99
9.41,79.67
16.73,100.0
4.64,58.78
15.4,100.0
6.24,74.39
21.27,100.0
21.5,100.0
7.13,63.32
5.52,63.9
9.87,88.3
5.77,59.96
16.14,100.0
19.83,100.0
16.15,100.0
19.78,100.0
9.53,87.7
3.75,43.55
17.71,100.0
8.65,86.69
16.11,100.0
6.5,58.18
1.95,19.08
23.82,100.0
3.75,28.71
23.72,100.0
23.45,100.0
19.05,100.0
15.83,100.0
13.87,100.0
20.79,100.0
6.95,79.25
11.22,100.0
14.87,100.0
9.87,95.31
10.26,95.01
7.93,77.61
13.54,100.0
20.41,100.0
4.84,45.81
22.43,100.0
16.54,100.0
19.76,100.0
13.35,100.0
18.71,100.0
0.39,0.0
19.64,100.0
0.96,23.66
21.36,100.0
23.81,100.0
7.06,65.86
5.05,52.98
18.37,100.0
6.07,61.66
20.77,100.0
2.47,33.95
3.02,26.5
23.5,100.0
16.17,100.0
20.33,100.0
7.78,73.12
16.24,100.0
14.26,100.0
14.48,100.0
16.38,100.0
13.81,100.0
10.3,100.0
6.62,69.73
18.45,100.0
5.43,47.63
16.62,100.0
5.6,46.55
15.01,100.0
17.93,100.0
5.25,41.88
1.44,14.1
3.14,18.45
14.54,100.0
20.39,100.0
1.08,20.77
17.62,100.0
8.19,83.3
11.48,100.0
22.29,100.0
7.97,64.84
11.17,96.29
0.33,2.55
1.96,34.4
6.21,57.58
0.67,5.08
15.15,100.0
10.23,100.0
13.16,100.0
4.19,45.33
7.1,63.05
15.93,100.0
23.17,100.0
1.21,12.08
21.37,100.0
13.85,100.0
13.53,100.0
12.01,100.0
1.67,12.1
2.16,23.79
14.42,100.0
8.18,75.69
22.01,100.0
9.76,85.78
3.44,33.42
17.15,100.0
7.04,56.36
12.61,100.0
16.75,100.0
21.61,100.0
19.01,100.0
16.23,100.0
16.31,100.0
22.7,100.0
7.1,74.08
0.03,5.01
6.53,57.71
5.23,44.12
15.88,100.0
15.21,100.0
14.24,100.0
0.39,11.66
17.49,100.0
7.76,83.06
15.96,100.0
13.36,100.0
8.23,74.48
3.23,36.13
2.27,11.35
19.96,100.0
22.04,100.0
15.59,100.0
2.48,26.64
9.65,88.03
17.49,100.0
18.72,100.0
2.84,26.26
0.0,0.0
17.09,100.0
8.56,99.78
6.11,66.12
0.31,11.08
12.97,100.0
20.43,100.0
22.98,100.0
13.58,100.0
12.35,100.0
2.04,6.26
13.17,100.0
9.12,72.77
14.57,100.0
9.33,94.37
5.77,62.56
2.28,24.56
7.56,65.08
2.32,8.52
4.25,28.08
23.7,100.0
10.66,95.05
12.76,100.0
20.97,100.0
23.89,100.0
13.99,100.0
19.5,100.0
7.85,82.56
7.34,61.47
9.66,94.7
16.14,100.0
16.37,100.0
7.57,78.11
3.2,36.55
15.18,100.0
3.08,27.98
13.88,100.0
16.64,100.0
16.81,100.0
18.08,100.0
20.95,100.0
12.0,100.0
17.53,100.0
14.86,100.0
4.48,46.79
0.62,0.0
6.83,67.31
10.63,96.57
14.81,100.0
20.4,100.0
4.71,41.49
3.01,36.19
23.12,100.0
2.59,29.0
11.48,100.0
14.05,100.0
12.99,100.0
2.06,22.84
1.37,9.2
2.53,20.5
14.05,100.0
13.06,100.0
5.61,50.59
15.31,100.0
19.68,100.0
1.0,12.55
11.96,100.0
16.54,100.0
6.06,63.71
7.39,75.74
14.73,100.0
21.55,100.0
19.44,100.0
14.0,100.0
17.53,100.0
8.76,77.95
15.38,100.0
11.19,100.0
4.56,52.17
16.84,100.0
13.36,100.0
8.61,78.5
21.87,100.0
0.5,15.95
7.58,82.71
1.37,18.31
18.4,100.0
16.85,100.0
7.95,77.61
16.22,100.0
9.5,91.23
18.15,100.0
10.9,94.27
9.89,97.86
22.43,100.0
6.02,61.97
2.89,34.08
14.03,100.0
23.26,100.0
9.07,85.67
1.49,14.79
8.14,78.08
12.14,100.0
3.89,41.46
15.79,100.0
23.95,100.0
10.84,100.0
8.51,53.99
9.62,100.0
2.76,22.44
21.2,100.0
9.96,91.83
9.29,85.13
15.83,100.0
10.61,89.88
15.56,100.0
1.47,16.37
19.53,100.0
22.57,100.0
15.57,100.0
22.91,100.0
3.63,30.94
11.46,100.0
14.44,100.0
13.96,100.0
9.64,90.03
8.11,67.72
3.04,17.31
9.4,96.07
3.9,40.86
17.62,100.0
5.01,54.04
1.41,10.04
13.26,100.0
14.29,100.0
20.93,100.0
13.85,100.0
8.29,78.8
19.27,100.0
12.97,100.0
1.9,14.0
13.58,100.0
21.79,100.0
9.51,96.74
7.11,60.64
3.44,43.99
3.63,27.73
10.39,100.0
14.3,100.0
1.93,17.12
22.55,100.0
18.12,100.0
14.08,100.0
19.88,100.0
1.92,15.44
11.44,100.0
15.12,100.0
19.89,100.0
18.8,100.0
6.65,50.01
22.58,100.0
2.98,29.11
21.0,100.0
23.3,100.0
4.25,41.98
17.33,100.0
0.97,11.1
9.73,88.8
12.39,100.0
13.94,100.0
22.46,100.0
16.13,100.0
11.55,100.0
19.43,100.0
22.81,100.0
0.53,0.0
23.58,100.0
2.07,9.33
19.55,100.0
6.73,60.21
3.17,27.4
10.56,92.45
15.45,100.0
9.14,100.0
1.31,17.92
14.39,100.0
21.66,100.0
9.2,85.18
5.19,58.93
10.62,100.0
1.16,0.0
19.69,100.0
19.83,100.0
14.11,100.0
8.47,73.3
19.19,100.0
13.31,100.0
19.82,100.0
15.16,100.0
18.83,100.0
14.37,100.0
9.94,100.0
22.99,100.0
12.99,100.0
14.52,100.0
5.29,48.94
15.02,100.0
13.72,100.0
4.44,38.82
1.43,8.53
14.5,100.0
18.33,100.0
12.56,100.0
5.44,41.71
16.0,100.0
1.92,13.75
10.6,98.84
3.92,30.92
4.43,60.97
4.86,47.86
9.28,82.2
1.23,17.73
9.55,96.11
12.28,100.0
11.6,100.0
9.19,81.53
20.14,100.0
3.49,19.08
12.14,100.0
1.49,26.81
1.71,27.74
13.77,100.0
13.58,100.0
21.07,100.0
13.39,100.0
23.03,100.0
1.17,10.24
2.35,20.82
1.06,18.07
4.45,43.33
12.99,100.0
15.49,100.0
1.09,13.07
22.7,100.0
20.21,100.0
7.12,68.68
1.85,16.38
4.08,39.37
3.05,28.86
2.96,46.21
12.45,100.0
5.9,42.12
8.6,84.03
23.75,100.0
16.42,100.0
22.78,100.0
3.42,41.48
9.17,76.56
13.31,100.0
1.84,20.48
0.1,6.34
16.09,100.0
15.4,100.0
9.86,93.27
11.75,100.0
9.97,90.76
0.58,1.36
8.05,81.06
4.25,42.17
2.36,13.15
22.96,100.0
14.38,100.0
17.49,100.0
7.57,75.9
9.44,92.36
5.69,65.44
2.33,23.79
4.3,38.15
19.14,100.0
16.26,100.0
13.13,100.0
11.4,100.0
22.14,100.0
1.75,7.07
6.73,57.44
8.4,85.47
18.78,100.0
23.82,100.0
5.78,57.05
20.98,100.0
19.93,100.0
5.39,52.07
9.58,80.8
9.83,100.0
23.48,100.0
4.34,37.11
19.18,100.0
8.02,78.96
17.54,100.0
10.08,100.0
13.88,100.0
19.98,100.0
19.3,100.0
20.79,100.0
1.43,14.77
16.61,100.0
3.36,31.66
9.98,96.45
13.17,100.0
9.67,96.24
12.47,100.0
23.92,100.0
3.25,14.32
16.21,100.0
9.5,78.31
3.19,25.92
3.81,35.91
22.78,100.0
21.11,100.0
21.77,100.0
23.8,100.0
5.0,43.45
8.53,83.1
16.06,100.0
11.61,100.0
10.04,91.53
8.59,78.03
14.25,100.0
13.81,100.0
3.87,32.58
11.32,100.0
13.28,100.0
13.69,100.0
5.04,53.69
17.81,100.0
0.6,0.0
8.52,77.21
18.73,100.0
13.53,100.0
6.27,55.11
16.68,100.0
13.62,100.0
19.11,100.0
17.64,100.0
14.64,100.0
11.72,100.0
3.2,33.97
6.27,54.0
10.06,100.0
14.38,100.0
12.33,100.0
6.92,67.06
0.16,0.0
11.91,100.0
6.86,80.64
17.63,100.0
0.57,7.74
14.04,100.0
22.6,100.0
4.19,33.61
11.32,100.0
2.19,13.1
15.02,100.0
13.21,100.0
9.78,93.07
12.51,100.0
21.52,100.0
4.71,39.49
0.54,0.0
20.68,100.0
13.85,100.0
21.38,100.0
14.33,100.0
19.44,100.0
10.31,100.0
18.0,100.0
21.91,100.0
13.73,100.0
4.34,51.99
6.45,56.67
4.77,41.15
5.92,59.59
7.35,65.78
13.32,100.0
14.11,100.0
10.24,100.0
14.77,100.0
1.96,16.37
2.11,19.82
4.12,52.53
12.43,100.0
5.14,62.72
6.8,69.9
9.61,94.21
19.48,100.0
0.33,7.13
15.59,100.0
16.05,100.0
19.17,100.0
22.39,100.0
0.48,0.67
3.69,28.14
21.27,100.0
11.0,100.0
13.55,100.0
15.91,100.0
16.3,100.0
22.36,100.0
23.93,100.0
17.28,100.0
6.89,63.61
21.11,100.0
1.18,9.07
5.55,60.06
21.54,100.0
6.15,54.22
5.3,54.5
3.32,31.56
20.62,100.0
12.0,100.0
16.2,100.0
5.74,51.5
18.19,100.0
18.24,100.0
7.5,80.27
9.86,89.23
5.03,55.69
23.44,100.0
15.49,100.0
22.43,100.0
7.28,62.05
18.77,100.0
18.38,100.0
16.6,100.0
23.18,100.0
9.45,96.85
3.14,26.71
16.12,100.0
17.5,100.0
13.8,100.0
4.96,56.8
12.11,100.0
7.49,76.12
10.26,100.0
15.49,100.0
17.89,100.0
5.57,57.44
9.73,90.19
6.46,51.84
4.77,40.53
18.8,100.0
21.82,100.0
8.89,97.94
18.03,100.0
21.53,100.0
20.31,100.0
4.39,39.52
22.95,100.0
9.04,80.68
8.14,81.02
1.5,14.3
11.67,100.0
2.62,26.16
5.96,54.15
7.61,87.33
19.41,100.0
21.01,100.0
7.26,66.16
20.61,100.0
20.57,100.0
18.35,100.0
3.52,16.96
16.57,100.0
22.68,100.0
16.38,100.0
7.96,78.74
12.01,100.0
15.5,100.0
12.25,100.0
2.88,30.23
7.49,79.66
19.26,100.0
20.67,100.0
3.3,31.46
22.86,100.0
7.89,59.16
15.9,100.0
18.04,100.0
19.49,100.0
22.7,100.0
7.51,75.75
20.6,100.0
3.16,33.92
16.92,100.0
17.81,100.0
16.27,100.0
6.06,56.1
20.95,100.0
4.05,27.02
1.29,25.81
17.22,100.0
11.41,100.0
20.38,100.0
9.2,84.35
4.04,45.72
20.07,100.0
13.17,100.0
4.54,40.44
17.29,100.0
12.27,100.0
14.5,100.0
11.06,100.0
19.89,100.0
19.91,100.0
17.03,100.0
2.53,6.47
20.13,100.0
16.1,100.0
16.73,100.0
8.71,84.28
21.1,100.0
17.41,100.0
2.7,18.8
9.79,82.52
21.27,100.0
1.13,15.59
23.07,100.0
16.3,100.0
15.15,100.0
6.49,59.67
5.97,65.05
22.61,100.0
7.16,69.5
18.61,100.0
9.43,96.31
3.34,36.26
0.26,0.0
13.06,100.0
23.42,100.0
8.86,94.78
8.57,89.44
8.26,70.68
12.49,100.0
10.58,100.0
21.12,100.0
12.13,100.0
12.19,100.0
3.32,42.86
23.59,100.0
6.0,65.0
1.76,18.01
15.92,100.0
14.29,100.0
9.96,79.2
10.13,94.69
18.84,100.0
4.7,36.77
19.69,100.0
15.57,100.0
10.06,99.51
10.99,100.0
6.16,63.98
18.05,100.0
12.31,100.0
7.7,84.69
14.31,100.0
23.9,100.0
10.45,100.0
22.1,100.0
8.28,84.24
1.31,24.09
4.9,44.28
10.05,100.0
5.27,43.19
0.01,0.0
21.96,100.0
20.25,100.0
17.82,100.0
4.03,49.27
2.89,26.98
1.62,23.75
17.38,100.0
22.29,100.0
10.33,99.59
2.86,30.29
12.3,100.0
8.37,68.28
9.0,77.63
14.91,100.0
17.25,100.0
2.65,30.99
0.85,14.18
23.86,100.0
5.59,45.26
1.29,21.92
4.56,57.58
0.93,9.86
9.4,92.87
19.26,100.0
8.19,81.52
10.66,100.0
16.21,100.0
12.21,100.0
20.67,100.0
20.78,100.0
0.24,1.55
18.67,100.0
11.06,100.0
23.73,100.0
11.6,100.0
23.69,100.0
18.11,100.0
5.97,61.36
12.92,100.0
23.81,100.0
20.58,100.0
2.34,16.11
16.95,100.0
8.29,75.59
0.17,0.0
9.68,89.66
5.63,61.24
19.65,100.0
8.1,81.46
19.86,100.0
0.01,3.76
7.39,64.6
5.79,52.84
5.61,54.64
1.64,17.52
4.49,44.9
13.33,100.0
6.99,63.76
10.02,100.0
9.04,92.23
21.02,100.0
21.73,100.0
11.83,100.0
7.92,74.32
2.56,26.37
22.88,100.0
1.45,2.79
7.14,63.37
7.15,69.37
7.69,71.38
3.94,47.78
18.8,100.0
2.94,22.67
15.24,100.0
2.97,29.13
1.69,22.25
21.83,100.0
4.56,38.46
19.71,100.0
13.07,100.0
1.87,4.08
22.93,100.0
5.93,62.5
20.63,100.0
4.05,42.81
20.49,100.0
0.32,0.0
12.28,100.0
18.47,100.0
22.44,100.0
21.82,100.0
19.67,100.0
21.32,100.0
4.78,36.34
6.82,56.48
6.94,69.98
9.05,85.52
9.44,86.49
13.07,100.0
3.84,37.79
16.59,100.0
4.02,43.65
7.45,68.15
12.08,100.0
19.11,100.0
17.75,100.0
15.49,100.0
3.74,25.89
13.13,100.0
2.1,27.95
9.06,94.17
9.92,93.04
0.96,3.98
6.58,69.2
22.94,100.0
22.89,100.0
8.46,71.94
1.03,11.36
4.3,45.26
9.41,87.3
22.75,100.0
3.39,27.23
18.32,100.0
2.61,21.83
23.55,100.0
9.16,85.09
18.61,100.0
8.22,65.38
15.06,100.0
4.61,50.08
3.5,42.04
22.51,100.0
22.02,100.0
21.3,100.0
15.01,100.0
19.4,100.0
1.66,18.57
8.03,62.19
7.53,65.47
15.26,100.0
8.54,84.54
3.56,39.19
14.32,100.0
19.55,100.0
9.17,87.71
3.17,34.91
4.72,47.03
5.7,54.61
7.2,66.52
15.43,100.0
14.42,100.0
16.71,100.0
8.7,85.32
19.78,100.0
4.9,48.41
11.26,100.0
19.22,100.0
4.32,31.48
2.64,17.51
21.21,100.0
8.23,81.8
16.41,100.0
0.61,3.12
16.56,100.0
7.59,68.7
1.34,19.34
14.64,100.0
5.78,54.78
9.28,84.34
1.93,8.89
3.53,43.48
7.15,72.07
2.15,15.48
21.86,100.0
0.15,0.93
11.61,100.0
2.96,31.17
7.38,64.92
22.23,100.0
3.88,37.71
23.18,100.0
4.94,51.61
17.8,100.0
13.12,100.0
21.23,100.0
13.3,100.0
12.83,100.0
4.69,39.91
3.99,39.36
22.0,100.0
7.87,63.54
8.93,72.13
18.24,100.0
8.13,78.18
22.85,100.0
17.71,100.0
14.34,100.0
21.14,100.0
1.19,13.25
6.17,52.68
11.16,100.0
5.45,42.21
17.85,100.0
22.06,100.0
10.17,84.24
8.21,75.89
23.08,100.0
10.68,99.13
11.74,100.0
8.44,71.61
21.83,100.0
13.65,100.0
18.29,100.0
19.48,100.0
8.2,84.77
10.41,96.19
20.36,100.0
8.72,85.84
19.05,100.0
22.58,100.0
14.96,100.0
17.8,100.0
19.32,100.0
20.28,100.0
9.48,83.51
1.23,4.15
9.65,83.81
16.17,100.0
10.81,100.0
17.98,100.0
8.57,74.01
15.23,100.0
4.47,41.65
17.98,100.0
13.1,100.0
4.9,47.67
7.01,63.63
17.97,100.0
11.58,100.0
5.18,38.45
23.21,100.0
17.16,100.0
22.97,100.0
10.25,91.63
11.4,100.0
21.55,100.0
12.6,100.0
16.97,100.0
6.05,69.82
10.72,98.29
2.96,16.11
4.94,52.71
0.02,11.97
0.94,11.68
23.45,100.0
5.82,54.42
15.92,100.0
20.14,100.0
13.22,100.0
3.68,32.86
17.47,100.0
14.41,100.0
17.55,100.0
18.47,100.0
23.41,100.0
13.77,100.0
8.2,82.29
15.56,100.0
1.64,8.66
21.54,100.0
2.87,30.6
7.87,73.69
19.58,100.0
14.34,100.0
